0,42331,42541,43408,43606,37776,35676,38745,40851,43531,49704,51414,44551,52567,58920,60788,45235,44665,38743,32080,34125,37082,38524,36025,33553
30,40886,40871,46929,40739,35857,34249,37037,39759,39698,47429,48951,42943,48749,55437,57837,40275,41741,37159,28082,32194,34653,36796,34053,31235
60,43425,42476,41947,41486,36388,32696,37039,38825,39569,46292,46914,42604,46402,54057,53643,38433,40227,33973,29206,30900,34816,35018,30655,30176
90,39204,40708,41404,38431,34875,31975,34871,38855,40388,43982,44292,40045,46684,55202,52549,36029,38559,33235,26949,32016,33559,32751,30790,29831
120,39337,39967,37637,37831,33365,30975,34237,34976,36357,43916,44008,38914,42343,50720,53010,35971,37606,31918,26680,29602,32367,31698,29804,27873
150,35620,35875,37269,37375,33176,31386,34239,36420,37373,42347,42616,37929,44624,50504,50939,35057,38486,32324,24378,28835,33957,33565,29006,28527
180,36822,35945,38449,36108,32624,30665,32857,35410,35308,41575,43586,37718,43982,49345,50212,35963,38167,31347,26033,29449,31969,32614,29410,28555
210,33839,36402,37504,37073,32282,30061,33857,33812,36400,42424,43253,37216,42733,48763,50308,35088,37065,31425,25653,30902,31984,32596,29351,28904
240,34284,34231,38529,35184,31025,29749,32057,35635,36665,40790,41737,36600,43175,48359,49508,34631,35818,30027,25804,28688,31427,32414,28451,28694
270,36751,38931,37706,35973,32584,29978,32910,33788,35257,41755,42667,36951,43551,46367,47600,34208,35916,29737,25714,30025,30333,31671,29655,28429
300,37386,36053,38065,35586,32031,30465,32116,33676,34153,40622,40580,36847,41608,47765,48843,32969,35876,30490,25682,29998,31449,31782,29496,28114
330,38586,36767,44255,37408,32333,29904,33371,34131,36402,41751,44151,36667,41761,49602,47406,34039,35847,30231,26573,29275,31671,32069,29045,28420
360,35567,37016,36606,36947,33808,31110,34231,32549,38776,44706,43525,38953,42010,46820,49547,32971,35592,30129,26745,29053,31280,32243,29741,28359
390,40347,36584,39216,40486,34376,33237,32880,36692,37461,44743,43167,39447,41655,49584,51302,34137,36239,30029,25853,28882,32669,32429,30239,28620
420,38947,43651,41945,42124,34055,32584,33155,37443,40257,44839,46122,40825,43235,46180,49347,34455,38320,31175,25988,31424,33294,32094,29698,28851
450,37861,39341,42171,40757,36722,33955,34065,40543,42259,49339,45118,40610,43069,47157,49535,34243,36408,30253,27004,31347,30453,32549,30004,29878
480,42527,45398,48318,41175,38863,34882,40108,40071,44006,48676,50092,42175,42894,48157,49243,35312,37494,30255,26678,30094,32608,33606,30437,28778
510,40239,39047,48184,44904,38794,36637,36476,43169,46378,48829,52078,45839,43518,48427,47845,35051,37029,31100,28192,29892,30112,32473,31908,28273
540,41365,48218,44965,42553,38571,37845,39720,41622,43965,53771,52824,45465,43184,48278,49169,35167,37018,30639,26920,32067,32075,33494,31045,29618
570,44163,45900,48800,46890,42033,39196,40488,46873,50516,52118,52684,49051,44218,47676,48743,36624,36582,31869,28037,31225,31684,33712,31694,29227
600,51347,47616,47004,44778,42592,40424,44045,46327,43363,56143,57924,49108,43494,49235,49563,36549,38522,32633,27504,30794,32506,33353,31422,29996
630,50543,47657,56525,49633,43071,39618,43051,44314,47155,58137,63347,49684,42024,47927,52027,37431,36622,31606,26755,29875,31541,34620,32965,29667
660,47320,49763,57496,50218,46106,43106,45514,58625,50337,60222,62933,53620,45800,49918,50724,36718,39380,32806,28365,31978,33106,34571,32690,30978
690,56443,49757,50647,53225,47222,43055,51720,50480,53147,58571,61310,57731,41759,46151,51241,38473,37961,33102,28800,32294,35322,36053,33478,31455
720,52129,50841,51165,52051,47971,43618,49457,54625,55680,60825,62882,53406,43092,49122,49986,38112,39039,33873,28947,32741,32973,35649,32396,30384
750,54418,53637,57027,53855,48622,47427,53729,57275,60686,69045,68555,59375,44749,51555,50627,37690,39673,34569,29155,33486,34514,37063,34235,32153
780,57769,57641,57229,52494,51392,49018,58667,60669,57973,71275,68918,57131,44355,51296,52406,38967,39920,34586,28275,33773,34910,37294,34778,31984
810,53469,53153,59533,52165,50706,45729,56225,64106,65025,72516,74920,66353,45831,49776,51129,39514,40761,35212,30410,33529,34576,37457,34892,31953
840,55963,57216,61692,57396,53090,48035,60310,65065,66457,78018,81622,68084,44839,51329,51992,39522,39510,35957,29661,35802,36461,37471,35486,32257
870,55729,55173,57865,54720,51588,47376,62451,66637,71661,81286,77845,69782,45767,53906,52898,40059,41778,35571,30647,35006,37616,37575,36557,33129
900,51741,53473,54947,55576,53012,46920,64888,67061,72935,79163,78314,67312,46400,53194,50824,40659,42996,36600,31124,36612,35539,40725,35955,33886
930,52100,52478,58678,55402,52739,50863,69037,72045,70100,77635,82988,69714,44241,52296,55429,42200,43722,37439,32229,36547,37831,39578,37633,34953
960,54537,57737,58563,60586,55316,48612,67696,75410,74696,85508,81451,74504,46694,52563,54865,42863,43624,38304,32478,38651,39710,41012,37841,35763
990,56286,56073,62541,55755,53165,48341,71398,76296,80002,82098,84994,74233,50673,53855,56765,43686,44086,37947,32247,40786,39035,42296,38133,36308
1020,57433,54502,59545,56518,52906,50045,74765,79514,79622,85031,86741,76235,47880,55392,55461,43012,46484,39402,33594,38263,40416,44557,40800,36894
1050,53929,56939,59490,56837,54447,48173,69769,75857,77743,85075,86353,74275,49955,57461,57633,44967,45908,40435,32886,39845,40427,42439,41435,38559
1080,56251,55333,64024,59551,55755,50618,74602,80359,78841,88782,87429,75820,49873,56667,60349,47133,48549,41878,35002,43035,40961,46624,43110,38163
1110,55959,53586,55039,58924,55971,48394,68555,75565,81227,82663,84737,73431,49696,55029,61300,49459,48786,41773,37910,42078,43631,45253,43892,38714
1140,57629,53812,58382,59135,55525,48573,70920,79063,84259,85767,84855,75333,49669,56129,56951,50882,49924,43496,35239,41451,41518,46355,42869,40482
1170,57490,56275,55594,56165,53684,47680,71673,76671,77320,82627,83596,72518,50255,60382,60445,50451,54320,43792,37455,42916,45367,49945,47463,40998
1200,56494,59055,62004,58471,55325,50388,72825,81220,81010,86802,87684,77625,54314,62580,64688,54582,53602,44653,41149,46975,45900,51480,48475,42831
1230,55010,53971,56076,56882,51525,51916,70837,79625,79524,84927,85178,74171,52835,63669,63396,55339,52806,46027,40727,46016,44582,48225,49343,44084
1260,56053,55692,61790,55139,55012,51163,74447,79188,79467,86443,86606,72657,53618,63375,61710,53855,57273,47392,38988,48225,47112,50214,50280,44686
1290,54873,54222,56584,57910,53575,49218,73798,77873,78957,85149,85918,75414,54243,63353,65639,58814,53792,49569,44222,48925,50567,51780,49500,46059
1320,54092,61324,59308,58957,54339,50349,73384,82547,86500,84959,88506,78353,60241,67200,72000,58116,59110,50190,42182,55649,52759,55159,52755,46741
1350,53280,60302,60520,55780,56588,51625,73520,81184,84841,85951,86380,74582,57933,71790,72508,60133,57784,48661,46492,54425,54129,59818,54741,48553
1380,53612,55882,61871,57261,54629,48696,71794,77680,79945,85376,86069,75288,60424,67673,70851,57843,57080,50716,48245,55967,56684,62161,54441,50112
1410,53729,56331,59324,57900,54329,49778,73394,81402,81255,86475,87090,75688,59924,68106,68106,57245,60076,51286,48990,59400,56876,61129,58106,53282
1440,54869,57310,62657,56822,51404,47959,73137,80024,82971,87178,89604,76151,64243,67898,73057,55965,58155,54410,45510,54918,59269,59976,60557,52967
1470,52580,54943,57367,58300,55755,51071,71375,80290,83678,87543,86776,75173,60427,70080,72031,56182,57212,51404,47696,56922,61461,62455,60959,52641
1500,55543,58802,64214,58884,53659,48245,71869,82394,82908,86920,87973,75020,63759,70543,70924,60769,57876,50390,52749,61971,64043,65420,63937,56680
1530.25,52516,54125,57520,58412,53420,50778,71967,77220,81418,85310,86204,73892,63596,66504,70251,62016,58784,51622,52075,61010,63727,68031,65629,57210
1560,56382,53925,60884,58471,53157,51461,75696,82010,84484,86616,88461,76027,65627,70665,78188,59488,57986,52294,55916,65229,66286,65425,68145,59171
1590,50800,56249,56606,55992,51682,50424,72725,80843,78922,87349,86710,73831,62435,70133,74145,62778,62541,50441,60190,67784,66539,69171,66916,59127
1620,55908,59571,58320,59027,54114,50367,73102,81688,83473,88392,88480,76520,63461,72057,72982,59308,60551,51727,59484,65822,67682,71535,69794,62320
1650,56716,58924,62784,57202,55708,50151,73775,78037,84894,88996,88598,76998,66459,75575,75924,59020,58702,52945,58847,70967,67639,73933,67386,61492
1680.25,56880,61929,60939,59975,55994,49704,74845,81557,82690,90500,87049,76431,64335,73875,73435,61269,60747,53278,59722,67461,70259,71257,69527,61229
1710,53190,57320,58425,57288,54949,47880,72088,82002,82031,87035,90082,76288,64537,71324,72727,60324,56725,51714,57265,68831,70339,72327,67639,59225
1740,54635,55459,60784,58145,54159,50231,76178,81929,83820,87888,89090,76539,66318,73139,74061,60871,60561,52098,59176,65149,67775,72690,69408,62443
1770.25,53704,59084,65082,57304,54837,51325,73847,84549,82557,86516,87496,78004,64982,69655,72000,57533,62194,52469,62425,69822,69861,72122,71088,62249
1800.25,53671,59041,59241,56502,52918,48998,76416,83302,84578,86686,88751,76904,65271,74000,76067,60224,60665,52488,61957,67520,71359,73124,70655,61729
1830.25,59206,57225,59108,59404,53573,49710,74147,81567,82798,89355,90484,77943,63739,72096,78924,63143,61294,54716,59592,68602,67975,73431,70961,65967
1860.25,55471,59029,59698,57441,54531,48543,74320,81714,84847,89206,89478,77667,64510,74337,73133,58341,63310,51973,62139,66294,70822,72935,69976,63853
1890,58127,61618,61624,64008,55629,50898,75955,80420,85063,89433,88914,75112,64057,73100,76502,60780,59896,53873,59482,69825,68516,76224,74433,66351
1920.25,54567,61545,64555,59302,56737,51090,76339,83796,84116,87680,90043,76675,67039,74194,79647,59900,64025,53831,62904,68310,70514,74106,70655,65137
1950,59033,56596,59845,58157,53724,51194,74980,81102,82094,84963,87861,78647,65188,77920,74437,59845,61737,54280,59449,67747,71475,78767,72608,62712
1980.25,52796,54218,57027,58402,55282,51839,73365,80647,82125,86761,86751,75392,64296,73106,76716,61425,61014,53563,65016,67804,67576,75353,70239,64333
2010,58635,58018,61165,59563,54935,49590,77945,84137,83325,85908,87633,76425,65198,75667,77508,62002,60863,54218,63153,68378,71453,73312,74792,65712
2040.25,56196,55582,58665,55910,54943,51878,72420,80235,81031,84790,86902,74398,65447,74796,77490,58684,60878,52384,60316,68545,69778,73865,72049,64455
2070.25,59475,55112,61620,58065,54590,52755,75182,81414,81986,85839,85363,74614,66680,75682,76867,64739,60722,53222,62143,68627,74502,73820,69337,65512
2100.25,58833,57455,60280,59947,55586,51335,75824,80296,81614,85349,87455,76169,66955,75751,78435,62702,61929,55692,60892,70137,72176,75229,72914,66243
2130.25,56875,58094,58537,62378,55049,51339,74604,83010,85410,86431,85124,75114,66108,75055,77502,61367,61561,54475,62914,67737,73831,73971,72759,64124
2160.25,58627,60282,61986,59637,54178,50141,74465,81535,82765,82610,84953,72627,65575,75473,77845,60457,62367,53206,62757,70022,70671,77335,72820,63975
2190.25,56667,59265,60251,60390,54522,50327,71690,81267,83571,84502,85065,73343,65324,74271,75869,61965,62322,56141,60524,69578,70820,75953,72861,64857
2220.25,55537,58496,59369,62443,57204,52122,71743,79020,80496,81863,82941,71459,66341,75151,77563,61414,63933,53296,65910,70627,71382,72775,75578,64306
2250.25,56851,59392,62976,60424,55590,53653,73324,79398,81184,81055,83131,72804,67112,76541,77671,62976,62161,54175,62049,68220,71802,75839,73308,65355
2280.25,56018,57608,61624,61176,56478,51565,71849,79392,82141,81025,80939,70882,66833,77747,77645,60298,60386,52465,65835,70398,74133,74014,72967,64951
2310.25,58175,58024,61094,60951,56302,51975,73086,78571,78639,80551,81931,71406,67976,75706,77504,61476,63551,55188,64267,68133,71339,75896,70753,63680
2340.25,56467,59122,60375,61114,56402,53394,71914,75445,79963,79867,81212,72204,67988,77741,78792,62057,62739,52610,62931,70916,72786,75818,74975,65557
2370.25,59657,59176,62045,61359,57182,54384,70239,77590,77514,79847,81120,70784,68590,78959,79804,63455,62892,53641,64084,71184,73820,75176,73580,67651
2400.25,57639,62367,61790,61076,58024,54384,70343,75151,77973,75249,80010,70931,64688,75888,78508,61243,63027,54531,61410,69335,72675,74939,72033,66667
2430.25,58541,60941,62857,60153,57678,52984,69790,77973,77451,80404,80394,70047,68824,77247,81410,64853,64620,55892,64269,71580,73731,77037,74718,66096
2460.25,58098,60218,62629,59271,57535,51816,69333,76045,76329,77375,79873,69800,67343,76012,77696,60798,63537,54582,61596,71610,72200,77378,72533,66600
2490.25,60067,56602,65924,61880,57780,53655,66782,75457,77024,74439,76971,68643,66818,74480,80492,60473,62608,54139,61125,70324,69884,74216,73714,65806
2520.25,59037,56488,58798,59041,58204,53086,68686,74161,74602,75935,75988,67580,68953,77663,77576,60620,63135,52873,62512,69320,73486,76969,73122,64329
2550.25,56182,58655,60345,62796,58012,53398,67475,75033,75486,75478,78227,67775,68724,76620,79751,64682,62824,53908,64384,70975,72120,76496,74851,66280
2580.25,58667,56492,64045,61569,60163,54080,69318,74486,75365,76145,75878,68888,68637,78835,79022,61286,62880,54408,61065,70169,71339,75431,70973,66033
2610.25,56673,55035,66994,60210,58392,54184,70445,74427,75700,77508,76575,68298,69518,79573,81263,62433,62853,56337,64784,69216,70686,77367,74394,64865
2640.25,54614,54043,59784,62280,56149,55386,65816,72906,72924,75990,76355,64273,67282,77776,79975,62380,61337,52894,64090,70269,71410,74249,73031,64508
2670.25,56218,54298,56651,60106,59137,52233,64988,71478,71378,76929,74945,66576,66798,77159,79224,61975,62822,57106,64635,70925,73514,75380,71971,63690
2700.25,54424,53251,58855,62924,58578,53473,64220,72124,74829,75110,78500,64422,67192,76510,79741,61259,61386,54678,63229,71375,71190,75857,74331,64622
2730.25,55029,57276,56076,59524,56967,54061,67092,70573,71598,69829,72280,64206,68694,76761,81518,61855,62371,55276,63335,70725,71741,75357,74439,65539
2760.25,53406,55510,59327,61224,57659,52541,63361,68743,72053,69931,74945,64824,68704,77925,80245,62308,63039,55647,63076,73114,74037,76855,74725,66153
2790.25,54271,54798,57688,60153,57243,50602,63904,69614,70398,69535,71182,63404,68714,75861,80088,61916,65294,52345,63316,70557,70518,75541,75455,65645
2820.25,52873,54263,58029,59739,56947,51339,64251,71110,70657,73588,73000,65506,69024,79192,78435,63961,64122,54761,63973,69210,75986,76190,76812,66171
2850.25,53225,56924,57688,61465,55867,51949,65065,70667,71257,70573,72198,63437,69394,76714,78341,63331,63031,54314,62412,70282,72020,76869,73237,65286
2880.25,53861,52273,55420,59388,57853,51627,62571,66027,70592,68520,73351,62463,67420,76618,79594,64153,64571,54490,62729,70390,74908,76825,74320,66210
2910.25,53971,53439,56335,58410,53694,50827,62439,68196,70465,69624,72410,61682,67198,75608,78229,63784,63686,53908,63124,69349,72165,76020,72869,64947
2940.25,53331,52096,55933,58265,54251,50337,62033,67794,66616,70482,70992,64149,67447,75914,80729,63465,65380,54678,64047,73439,73386,78071,75275,66569
2970.25,50427,52869,54871,59837,53782,49292,62298,67576,67437,71324,70910,62118,68414,76239,75363,62939,63465,56320,60725,71894,72576,76380,74914,65784
3000.25,50882,54392,56600,59880,54531,49451,62929,65180,69961,71253,73459,64445,66871,75892,76876,60743,64435,53775,64680,72376,74806,75882,73067,64169
3030.25,48586,53314,54678,57488,54455,48276,62602,65986,67653,69110,69924,65673,66090,74994,76416,62208,63529,55151,63665,70308,71792,75794,75275,66612
3060.25,50759,53876,58596,57402,53924,48188,62529,67596,69092,69076,69694,62422,68116,73453,77159,64792,66722,54812,63625,73490,73206,75382,76188,66204
3090.25,47373,49198,53765,58641,53012,48535,57700,65949,65651,67590,68851,60953,65927,73290,74586,64884,65320,54373,63249,69357,74394,76249,74024,65006
3120.25,50490,48849,54292,57322,54178,49002,59767,65880,63990,69402,69422,59673,65304,74159,76304,60735,65349,54947,64480,72069,73257,75478,73890,64210
3150.25,50571,49747,56729,56471,50373,45665,57451,66200,65078,65404,70833,62061,64147,72259,75653,63408,63173,53718,62688,70396,73324,76775,74516,66253
3180.25,47265,51402,57155,56402,51716,47198,61782,66214,70429,67729,71427,62012,66512,74192,74180,65127,65969,57045,64704,71571,74378,78937,74435,67755
3210.25,48033,49280,59957,58043,51851,47388,60388,65661,66414,65943,68559,59261,64202,71178,74378,65314,63927,53514,63063,71392,73084,76278,73833,66251
3240.25,49171,48565,52892,54588,50618,45463,58073,62496,64955,66735,67867,59375,65625,73551,73324,61163,66225,56275,63294,70906,72200,74935,73531,65449
3270.25,49053,49894,52322,54384,50120,44894,58680,61594,63122,64969,69178,59835,63575,70229,72853,60543,65659,53710,64051,70855,72580,76986,74224,65692
3300.25,49718,53863,54545,56182,51616,45139,56953,63594,64629,66361,69504,61145,64302,71263,74655,65624,65139,55741,62773,71863,73122,76167,72006,65290
3330.25,48259,48739,51253,53880,50331,45853,56073,62145,65049,65918,70449,58527,64692,72402,72188,62863,63231,54731,62314,71273,71906,77933,71580,66006
3360.25,49439,54080,54276,53147,51798,45661,61563,62449,67875,67012,69112,60469,63531,71206,75363,66327,62216,55831,63747,71249,76429,75620,73092,63243
3390.25,48637,48486,51839,53037,49186,44435,57167,61278,63163,65704,67127,59878,63065,71051,72859,62484,66129,55976,64022,69033,72567,75033,73110,65567
3420.25,51743,49143,54227,51504,46775,43525,59714,60792,63894,68716,67553,58196,64406,69943,68349,61041,66078,56439,60782,68890,70906,76392,71765,64373
3450.25,50524,51855,53018,53769,49443,45353,55967,62798,65531,65657,68055,60102,63900,69224,74753,63165,63892,55353,63416,70894,72314,76227,72614,65133
3480.25,48033,49876,51557,53682,49296,45263,56178,62094,64637,63547,66363,60455,63582,68624,70596,63533,64057,55771,62888,70382,73451,73604,74435,66092
3510.25,48361,48124,52855,52257,48639,43376,55018,64002,63559,66812,67073,57778,61727,69080,72171,60829,65725,54867,62786,69355,71708,74712,70896,64912
3540.25,48924,47965,55643,51920,48535,44322,55341,59790,66173,65020,67604,59908,61861,69186,69963,61490,63731,56457,62857,70592,72780,74835,71596,64214
3570.25,45900,48467,53065,52878,50818,45053,56051,67114,67643,65592,66953,59112,61698,69000,71778,62043,64931,55857,64761,69098,72416,74059,70675,64788
3600.25,44231,48973,56053,51102,48378,45586,55355,60384,61431,65339,65053,58108,61000,68192,69255,61471,64825,54786,62204,69224,70518,73041,71324,64300
3630.25,48788,52580,53827,55741,50733,44192,59965,66769,65218,65329,68149,59761,61351,69259,71367,62147,66290,54137,61724,70806,68545,75410,71308,64792
3660.25,45625,52222,56435,53280,47476,42869,55890,62059,67314,63990,66743,57649,61247,71443,71990,63075,62602,54159,59384,67986,70353,73149,73061,63082
3690.25,46198,49429,53514,54298,46425,43027,57908,64700,65529,65008,66133,57784,60471,68616,68851,61706,63065,54151,60994,68208,70261,73004,70551,63000
3720.25,46106,46596,48845,50431,47206,45025,52325,61927,63716,62818,65729,58890,61663,65941,68639,61704,63257,53827,60306,67653,70343,74451,70451,62649
3750.25,46880,45086,51880,51122,46941,43614,54455,57912,61059,63412,65980,58431,60063,64761,67422,60547,62816,54135,60963,68275,69388,73402,69402,63253
3780.25,45816,49990,55773,51710,48014,43024,58965,65675,62527,67527,70575,60059,60084,66271,68843,62969,61814,53098,60784,68067,69524,71522,69429,60335
3810.25,44529,47843,51494,48863,46878,42182,54696,59167,62592,62478,63410,56606,59108,65937,67275,60178,60720,51563,61322,68547,68196,71135,68278,62267
3840.25,45310,52210,55984,52249,45182,42727,54616,61861,63525,62429,65135,57273,58937,63561,67363,59067,64288,51955,60204,65775,70671,74008,67586,61129
3870.25,44624,51547,49259,51555,46304,42000,54218,58131,59724,63045,65914,56727,57375,65204,66602,61931,60484,52314,59984,68920,69035,73620,68451,62041
3900.25,44282,47567,53439,48033,45722,41167,56053,59216,63427,61825,65190,56561,58063,66120,68986,59006,61402,52445,59561,67192,67910,73292,69812,60529
3930.25,45110,43612,47675,50018,46476,41647,52594,58855,59871,62537,64276,56494,60794,63894,67110,59039,61704,52404,60465,67035,68194,70547,69757,61437
3960.25,42971,46400,51467,51194,46449,42802,57667,62047,63347,64333,65920,57310,59645,64669,67402,58786,60876,52386,61471,67298,68161,69645,68141,61914
3990.25,43531,44843,48084,49331,44957,42071,52757,59467,58676,60929,64961,56384,56510,63029,65565,59653,61339,53229,58490,66735,70435,69565,66986,60612
4020.25,43765,48151,48973,51678,45337,40984,54541,61261,61855,63361,63551,55902,58378,63861,68286,58045,59843,51618,59071,65369,68598,70563,67806,61776
4050.25,42871,44206,48867,48357,46012,40880,53435,57616,59269,61657,62655,56012,58527,64845,65565,57869,59649,50663,58318,65612,66757,70092,66939,60796
4080.25,43229,45194,51200,48980,44976,40057,56175,57339,59161,60776,63678,55475,57408,63378,64671,56380,58739,50604,58698,63929,67167,69608,67012,60543
4110.25,45076,46867,49175,47663,44749,40645,52453,57284,59878,60347,63578,55820,59388,63555,65473,56624,59255,50947,60418,65467,66698,69731,68018,59896
4140.25,42706,43231,50984,49212,45786,40971,54682,57051,57208,62524,61676,56333,58080,62251,66990,57080,58841,50871,58553,65459,67569,68878,66937,59400
4170.25,41384,48398,51633,50845,45761,39384,55449,57225,64175,60635,64980,54604,57488,64233,68086,55563,60325,49624,58837,65737,67076,69300,65973,59961
4200.25,43263,45182,47829,48520,44506,40165,52543,58514,60471,64739,63490,57202,57737,63575,65284,54947,59194,51706,60076,62824,67363,68773,67118,61084
4230.25,43320,45929,48906,48402,45867,40945,53124,56475,58043,62716,63153,55365,57671,59878,66194,55657,61016,49584,57741,62555,66071,68825,65822,59390
4260.25,42176,44151,53606,46931,43908,41780,51522,55339,61949,61692,61482,54906,55810,62996,68000,55363,60265,49076,57424,64998,69029,67243,64459,58641
4290.25,41710,46980,51073,49092,44200,39500,53173,58096,60953,60920,62282,54827,56155,61347,63649,55555,59567,50525,56500,63925,66063,68251,65098,58931
4320.25,42224,42486,48445,44945,44318,41792,51267,54429,56243,59510,61682,55392,56227,62198,62459,55222,58186,49088,57724,62735,65075,70378,65678,57280
4350.25,41835,44610,47820,49704,44208,41510,51512,57310,58937,60851,62590,54329,55782,61688,64786,54100,57743,49129,58016,62220,64961,65892,66227,58794
4380.25,42676,44416,48357,46992,45694,39865,50359,56506,59461,64041,62859,54643,54273,62727,64976,52837,56404,48363,57224,62702,63751,67686,63327,57614
4410.25,41802,44931,50449,48625,44433,40096,51878,57175,58078,61106,60780,53435,53998,60424,61743,55592,58724,49284,57002,64406,65033,66573,66390,58871
4440.25,43798,45594,49396,45939,44465,39233,50490,56298,62016,66631,62143,57292,56494,60990,64965,53543,58631,49924,55416,62618,65039,68073,64092,57882
4470.25,42200,43710,49976,46651,43961,39676,51673,60704,57606,60808,61722,53863,57129,60820,63794,53369,56486,48024,57063,63624,66880,65133,64994,57259
4500.25,42082,43408,47227,45543,44012,39920,54576,56516,57616,60178,62645,52733,55302,60986,63269,54590,56535,48680,56053,65286,64867,65584,63533,57816
4530.25,41780,47445,50686,45873,43580,38959,51333,56265,57980,62253,61171,55888,54839,60339,64580,53706,56412,48886,55304,63565,67465,68282,65578,57088
4560.25,39845,47753,49912,47339,43369,39002,52547,57137,59527,61975,62012,53576,55718,61155,62927,54137,56833,47729,54902,64133,64782,67737,63998,58290
4590.25,42145,44153,54067,44443,42639,39425,51188,54004,59316,60490,59886,52902,54308,59557,63735,51035,57241,48065,55680,61896,65235,65122,64008,59212
4620.25,41202,42949,47547,47100,41927,38878,50584,54851,59996,62869,61586,56073,54139,60265,63427,51573,57316,47282,54296,61490,63318,64992,64365,56075
4650.25,39888,44267,49110,44588,42998,38875,51306,57531,56267,60747,61935,53422,55508,58627,61306,50875,55716,47527,54120,61476,61929,64825,63059,55743
4680.25,41447,43490,52488,45945,42000,38212,50590,54380,58175,62398,60098,54065,55975,58914,66306,50196,56729,47975,57825,61720,61767,66578,62012,54931
4710.25,41357,44278,52159,43961,43837,39988,50414,55782,57292,62620,61180,54753,54406,58353,63114,50424,56118,46927,53733,61629,63286,66243,62559,57388
4740.25,41782,43761,48757,46745,42610,39961,51386,54218,54894,61239,60353,53447,55488,59457,65902,50196,54978,45845,53584,59851,60957,62747,64549,55535
4770.25,40555,43790,48637,45314,42939,38943,50647,54912,56882,59229,60869,53076,55082,59149,60196,49557,55104,46367,53304,60145,60588,63341,62016,56404
4800.25,39939,45208,48498,46908,44498,39276,50402,55204,60302,60812,61271,53925,54290,58182,61555,50610,54773,46504,53390,60573,63375,64369,61816,56143
4830.25,40118,44516,51141,48243,42533,38625,49502,55194,57873,60225,61275,53908,54853,58163,60225,46902,54227,46406,53324,62198,62949,66900,63492,56222
4860.25,40061,44710,47373,46849,44016,40459,51447,55908,62967,65271,64102,54955,53998,58435,61641,47329,54018,46831,53986,59731,62824,64861,60780,54682
4890.25,38504,41367,45814,45402,42016,39073,50427,54729,54800,58751,60386,52873,53055,56761,62406,45641,55337,47573,53933,59776,59704,61133,62345,54843
4920.25,39865,42973,48549,46139,41333,37890,49176,52531,56186,59286,59943,52620,52753,57163,59494,44178,52612,44478,51435,57882,58702,63580,61037,56163
4950.25,39318,43061,47139,46300,42296,38673,49631,53978,56786,60073,60618,53329,54365,55492,61067,47290,54816,46680,53100,58422,61373,62741,60239,55382
4980.25,39904,43739,45378,48010,42271,39357,49794,52033,54243,58712,59890,51641,52645,57376,60886,45598,54418,45088,52367,61800,59171,63829,59598,55135
5010.25,40108,41261,45522,43502,42955,38573,47790,52896,57925,58282,59002,51427,52202,54816,58149,43314,52953,44604,53029,57498,59818,63231,60033,54747
5040.25,39208,42737,47267,45533,42798,38276,48518,53700,57251,59861,59688,52692,53122,55441,59420,43178,53347,45169,51259,58429,62184,62802,59573,54294
5070.25,40102,42822,47106,47757,41524,39016,50765,57357,57837,60865,61045,53841,53575,58684,59253,44851,55708,46443,50747,59476,60061,62804,62053,54876
5100.25,39249,41694,49602,46012,40947,37808,49198,53598,53873,61104,57953,54373,52682,58739,62241,42231,52214,45843,51010,58837,58465,62610,59551,54476
5130.25,39939,45673,46802,43206,40959,38712,48200,52035,55702,58639,58069,51086,50963,54792,57867,41022,53422,45512,50649,57876,56706,60853,60935,53053
5160.25,41108,40982,46029,45190,40937,37314,48014,54763,57243,58218,58753,51563,52594,56796,59418,39206,52337,44565,50918,58300,57518,60873,58588,53131
5190.25,39639,40580,47441,45345,41873,38488,48924,53755,54596,56904,58418,52404,54037,55945,58529,39888,54324,44747,51116,58676,60531,61504,60043,53622
5220.25,38822,43635,45155,44308,41769,37784,49302,55361,59965,56667,59114,50831,53465,56849,59351,38508,51441,44073,50473,57973,59161,59145,58902,54884
5250.25,38065,44239,46992,45688,43020,39351,51425,54218,59982,59663,59224,51104,54067,56049,62637,40612,52643,44080,51678,59088,59961,64382,58775,53851
5280.25,40188,43955,47053,46904,41520,38127,50943,55251,54875,59335,58337,52131,53322,56755,61206,37739,52378,45375,50425,57039,57602,60857,59933,53329
5310.25,38906,41778,47327,44114,40206,37994,48463,53220,54537,57382,58718,50922,52084,55053,59051,36567,53151,43588,50582,56137,58443,61857,59155,53608
5340.25,39004,43304,48424,43835,41086,36812,49316,52882,56865,60047,58659,50273,53982,54688,57484,36667,51057,43592,49804,57310,59714,62243,58359,52814
5370.25,38878,45012,50173,47945,40945,38129,50733,52820,55873,61543,61639,51575,53716,54927,57975,38492,52616,44459,50192,57663,58671,61865,59620,53304
5400.25,39035,45082,47565,45627,42308,38520,47665,56165,55153,60137,59514,52588,52884,54398,60351,36216,53890,45188,50245,56594,57567,60369,60484,54906
5430.25,38822,40657,45780,45163,41024,38422,46533,52541,55455,58110,57661,51271,50416,54886,56341,34982,51106,42969,48863,55043,60094,59916,58739,52498
5460.25,40357,43084,47151,44171,40708,38169,48202,53755,57569,60508,61202,51616,52884,55033,60322,34376,52651,44031,48845,58024,57943,62049,59800,52627
5490.25,38049,40510,45276,41873,39094,38129,46775,50971,53541,57606,57576,50343,50831,54916,58151,31018,52269,42831,47802,54890,57776,58341,59924,52955
5520.25,38790,43304,48980,45545,39480,38535,48976,51665,57606,59794,59427,51051,52049,55216,58110,32420,52198,43404,49380,56325,59037,61124,60280,52820
5550.25,39233,43206,46380,43263,40190,38535,46841,53555,55127,58849,58125,51069,51606,54573,58724,34294,51604,43116,50261,55853,56871,61367,58178,52392
5580.25,38608,44067,44390,42971,39975,36524,45541,51202,54408,59673,58661,50798,52588,53771,56567,30722,51624,44180,48735,56380,55541,61816,58145,52294
5610.25,37569,41894,46049,44365,38543,37818,47094,50118,55620,57345,59953,50153,51420,54722,58378,30145,50461,42931,47004,54445,56267,60647,57841,51859
5640.25,38239,41586,45457,42545,38835,37663,47947,51088,55745,60537,59616,52275,52684,54080,59743,31225,51994,44575,48684,55829,56839,60110,57759,51925
5670.25,38524,40175,46114,43427,39971,36702,48037,50337,54416,57794,59320,52488,51716,54173,57318,29327,50580,43698,48445,55194,58355,60049,57576,52178
5700.25,36802,40333,42365,43502,38814,37276,49461,53335,52178,57600,59422,51404,49788,53433,55376,28771,50176,43649,48224,56198,56235,63398,58141,52186
5730.25,38229,44363,47429,43302,38865,37053,48329,51908,55986,60925,60212,52400,51316,54292,57196,26904,52108,42902,47822,56078,55592,60324,58373,51855
5760.25,36976,41908,46569,43867,40161,36525,47818,51502,55180,58671,59316,51273,51196,53414,57335,28700,50857,43157,47853,55635,58322,60731,57898,51512
5790.25,37308,41776,46288,42522,38527,36243,46637,50457,55775,61765,59043,50629,50567,53976,56882,27129,49767,41653,49137,55578,57867,59424,56327,50610
5820.25,38351,41012,47331,43120,40029,36676,45259,53698,56284,60488,59384,52476,51441,53278,57424,28467,50469,43555,47225,55671,56525,62282,56522,51237
5850.25,37088,41159,45402,42078,38257,36569,45463,50298,54327,58916,60314,50880,51076,52906,57647,25639,49522,42716,48002,58055,58073,59565,57363,52010
5880.25,35890,42896,45951,42616,38614,35859,46104,50318,54349,58375,58671,51465,49747,53010,55963,26257,49290,41412,46424,54684,56624,60104,56714,50675
5910.25,37329,41420,43373,40649,39912,36763,45975,51198,52492,57547,58090,49949,52173,52784,56294,25857,49410,41412,47978,58233,55951,59520,55910,50792
5940.25,36676,41782,42945,41698,39422,36527,46737,51610,54196,58488,59222,51539,50088,53431,56094,26833,50133,41976,46422,55373,56439,59157,56320,51441
5970.25,36220,42384,46045,43390,39818,36671,45741,52355,56545,59235,62351,50935,50000,52902,57794,24659,49969,42686,46543,56857,57559,59531,56359,50539
6000.25,36180,39880,45233,41884,38237,35804,45206,50982,55649,58841,59445,51345,50171,51727,56675,24696,48606,41276,46927,54000,58112,58014,55988,49625
6030.25,36165,41584,46463,43243,39935,35749,47437,53586,57167,61149,60663,51967,51561,52820,57776,26102,50035,43690,48098,55818,57590,60418,56475,50867
6060.25,35392,39231,44461,43543,37624,35690,48424,51678,54898,57918,60616,51957,52869,52759,56704,24524,49647,41704,46043,55167,55451,58120,56255,50429
6090.25,35922,41690,45449,41822,37859,36316,47871,51337,59586,59998,59904,51708,49143,51865,57698,25961,50598,42316,45849,54151,56857,58355,56422,49435
6120.25,35318,38614,44912,41675,38006,35284,47202,51906,58333,58533,61965,51320,50206,51776,56625,23902,49767,41439,45586,53451,55031,58041,55865,49116
6150.25,35269,40927,43569,42763,40237,36898,45859,51580,54420,58549,61498,52149,50845,51196,56169,24151,49045,41118,45875,54604,53967,59188,55747,49647
6180.25,34698,41892,45235,43467,38180,35678,47220,52914,55747,59710,59580,52390,49592,50961,55533,24163,48506,41127,47657,55535,54357,58492,56090,48078
6210.25,35510,40253,44427,43990,37661,35720,46669,53776,54702,57167,58957,52482,49376,51502,55894,24380,48773,41916,46580,55143,54527,60398,54849,50484
6240.25,34824,41022,44990,41425,37190,36555,48271,51441,56839,58104,60133,51745,51761,50812,54475,23616,48500,41020,45953,55249,57355,58722,55955,50024
6270.25,33924,40496,44582,41782,37853,36451,47267,52686,56188,58469,60031,51837,50986,50727,55578,22580,48759,40918,44808,53335,56237,56924,54551,48206
6300.25,35439,42473,43639,42029,37855,36518,47518,52343,56739,59412,60033,52218,49902,51047,57875,23427,47986,40606,45620,53292,55794,58010,55455,49325
6330.25,34573,40588,47306,44880,37222,34963,45676,51324,56867,57476,61708,52245,49394,49467,55414,23618,47784,40382,44637,52627,54149,56896,55014,48084
6360.25,35245,41165,44357,42908,37300,34737,46804,52355,55233,59008,58478,50724,49539,50735,54708,22127,47676,40563,44992,52818,54618,58810,55602,47810
6390.25,34135,38498,43537,41831,37429,34690,46010,51724,56482,58516,59439,51249,50743,50553,56804,22575,47902,40359,44733,53880,56863,59988,55131,48594
6420.25,34561,40167,43006,41688,37361,35192,46780,53796,56739,57892,59029,51300,49735,50302,56275,22400,47290,39671,45216,53437,55202,58361,55022,47584
6450.25,35445,38353,45839,39996,36969,35341,48451,52955,57951,58729,58737,51090,50006,50461,56955,22757,48133,41320,45008,53896,56892,58380,55557,47900
6480.25,35133,37912,42567,41480,38384,36837,47427,51394,56273,57571,58257,51031,51410,50298,55392,21929,47043,40461,47831,53451,54294,59098,55351,47743
6510.25,34131,39516,44159,43155,36780,34651,46867,51184,55608,58525,60378,51576,48963,49931,54794,21753,46735,40176,44122,52575,55849,58324,53784,47771
6540.25,34631,39204,44233,42733,37473,35465,48088,52108,56649,58720,59514,51651,49955,49557,55765,21082,48853,40576,44373,53482,56263,58729,54678,48925
6570.25,34120,41055,43857,41190,36816,34845,47343,53627,56425,57445,58280,51563,49988,49461,55557,21571,46800,40804,45116,53531,56075,58129,53776,48694
6600.25,33437,39012,43361,40925,36651,35749,48465,51963,58145,58802,58608,51675,50551,49208,55898,22114,47433,40482,44875,53994,53190,58288,54333,48275
6630.25,33643,40067,42743,43467,36098,34382,48206,51131,56478,57584,59131,50551,49353,48825,54624,21231,46235,39951,43684,52990,54047,57535,54469,47641
6660.25,34082,38494,43873,40643,36271,35394,47065,51451,56059,56861,57910,50761,49282,49137,56302,20898,47592,40420,44578,53814,55790,58222,54510,48439
6690.25,34063,36865,40784,41782,36684,34661,47769,52153,57122,56067,57953,51994,49675,50151,53986,21649,46733,40618,45033,52822,55686,57702,53922,47441
6720.25,33292,38584,45380,40786,36043,35075,47541,51951,56949,58251,58763,50222,49408,49045,55586,21951,48016,41794,44173,52829,54463,59194,53602,47327
6750.25,34435,40010,45545,42425,35941,33712,46308,51010,56304,58194,59931,50992,49033,49245,55400,22063,46620,40206,43478,53488,55820,57890,53933,47355
6780.25,34624,38800,43455,41908,37139,35325,47233,52441,56835,56900,58276,50525,49751,48765,55469,22473,48698,39798,43582,53802,57855,61704,54453,47553
6810.25,33490,38276,42194,39590,36361,33943,48622,51212,54051,55808,57167,50422,49798,48525,55437,21247,46163,39147,44780,54927,54206,58284,54255,48410
6840.25,33720,38347,45096,40335,35353,34502,47341,50833,55653,57782,57125,49765,48724,48498,54953,21590,46100,39786,43625,52825,55041,57831,53225,47359
6870.25,33051,39333,43586,40624,35637,34224,48724,50933,55239,56773,57025,49806,49247,48041,55582,21245,46741,39175,43469,53322,54800,57090,53216,47125
6900.25,33255,36290,42408,39947,36008,33749,46878,51151,54592,55467,58302,49112,49955,48110,54675,20449,45378,39320,43524,53969,54465,57198,53757,46541
6930.25,34418,37300,41929,38676,35457,34486,48792,51551,55465,55853,57453,48722,49755,47884,55843,20427,46743,39298,43116,53894,54392,58298,53420,46088
6960.25,32692,36890,43076,39186,35682,33427,48927,49753,53094,54616,56298,48769,48822,47733,54647,20822,45704,38933,44167,53857,54590,57035,53855,47094
6990.25,33478,37175,42861,40237,36255,33547,48724,50629,54133,55894,56561,49163,49773,48120,55114,21490,46525,39608,43425,53580,55141,60688,53608,46647
7020.25,32216,36782,41767,39239,35778,34137,46465,50686,53106,54247,56286,49502,47963,47592,54137,20249,47304,39386,43065,52118,55061,58484,52943,46433
